{"cameraMode":{"drawMode":0,"name":"Shaded","section":"Shading Mode"},"sceneLighting":true,"audioPlay":false,"sceneViewState":{"m_AlwaysRefresh":false,"showFog":true,"showSkybox":true,"showFlares":true,"showImageEffects":true,"showParticleSystems":true,"showVisualEffectGraphs":true,"m_FxEnabled":true},"in2DMode":false,"pivot":{"x":1.4332761764526368,"y":2.6778879165649416,"z":-0.8442153930664063},"rotation":{"x":-0.03027491085231304,"y":0.9629619121551514,"z":-0.12228237092494965,"w":-0.23840929567813874},"size":4.599996566772461,"orthographic":false}